timestamp,meta_site,meta_sex,meta_n_participants,meta_n_asd,meta_n_td,meta_eval_strategy,meta_n_folds,params_ae1_input_dim,params_ae1_hidden_dim,params_ae1_latent_dim,params_ae1_input_dropout,params_ae1_hidden_dropout,params_ae1_alpha,params_ae1_epochs,params_ae1_lr,params_ae1_weight_decay,params_ae1_clf_weight_decay,params_ae2_epochs,params_ae2_stopped_epoch,params_ae2_patience,params_ae2_lr,params_ae2_weight_decay,params_ae2_factor,params_ae2_scheduler_patience,params_gcn_hidden_dim,params_gcn_dropout,params_gcn_lr,params_gcn_weight_decay,params_gcn_epochs,params_gcn_stopped_epoch,params_gcn_best_epoch,params_gcn_patience,params_gcn_factor,params_gcn_scheduler_patience,params_gcn_graph,params_gcn_sim_percentile,params_gcn_k,metric_acc,metric_auc,metric_f1,metric_sens,metric_spec,metric_std_acc,metric_std_auc,metric_std_f1,metric_std_sens,metric_std_spec,cfg_notes
2026-02-10 14:35:59,ALL,ALL,1100,,,,,,,,,,,,,,,,,,,,,,,,,,,,,,,,,,,0.6554378812175305,0.7255001699120254,0.6054335664331953,0.5623704652740719,0.7505630273106333,,,,,,"old, loso"
2026-02-11 14:23:31,ALL,ALL,1100,,,,,,,,,,,,,,,,,,,,,,,,,,,,,,,,,,,0.6617520306915994,0.7230061929167408,0.6255333310536401,0.6049825540376426,0.711528456470317,,,,,,"old, loso"
2026-02-11 14:58:34,ALL,ALL,1100,,,,,,,,,,,,,,,,,,,,,,,,,,,,,,,,,,,0.6839886950332522,0.7514593592083392,0.6673988684609329,0.6609217327368617,0.7025769128778706,,,,,,"old, loso, nested gridsearchcv"
2026-02-11 16:13:03,ALL,ALL,1100,,,,,,,,,,,,,,,,,,,,,,,,,,,,,,,,,,,0.6533905294430452,0.7295771266855311,0.6277493561168208,0.6252283482344999,0.6835784351687224,,,,,,"old, loso, nested gridsearchcv"
2026-02-26 18:28:29,ALL,ALL,1100,,,,,,,,,,,,,,,,,,,,,,,,,,,,,,,,,,,0.6689997282790499,0.7324785235411417,0.6529587608697011,0.6620836070270747,0.6666224002475712,,,,,,"old, loso, nested gridsearchcv"
2026-03-11 23:53:11,NYU,ALL,184,,,,,,,,,,,,,,,,,,,,,,,,,,,,,,,,,,,0.7027027010917664,0.8422619104385376,0.6666666865348816,0.6875,0.7142857313156128,,,,,,
2026-03-12 00:02:20,NYU,Female,37,,,,,,,,,,,,,,,,,,,,,,,,,,,,,,,,,,,0.875,0.9166666269302368,0.800000011920929,1.0,0.8333333134651184,,,,,,
2026-03-12 00:03:32,NYU,Male,147,,,,,,,,,,,,,,,,,,,,,,,,,,,,,,,,,,,0.699999988079071,0.71875,0.6896551847457886,0.7142857313156128,0.6875,,,,,,
2026-03-12 00:29:42,ALL,Male,163,,,,,,,,,,,,,,,,,,,,,,,,,,,,,,,,,,,0.7575757503509521,0.8639706373214722,0.7647058963775635,0.7647058963775635,0.75,,,,,,
2026-03-12 00:31:14,ALL,Female,163,,,,,,,,,,,,,,,,,,,,,,,,,,,,,,,,,,,0.7878788113594055,0.8384615182876587,0.695652186870575,0.6153846383094788,0.8999999761581421,,,,,,
2026-03-12 00:34:33,ALL,Mixed,163,,,,,,,,,,,,,,,,,,,,,,,,,,,,,,,,,,,0.6060606241226196,0.614814817905426,0.4799999892711639,0.4000000059604645,0.7777777910232544,,,,,,
2026-03-12 02:34:19,ALL,ALL,1100,,,,,,,,,,,,,,,,,,,,,,,,,,,,,,,,,,,0.6272727251052856,0.6820589303970337,0.6168224215507507,0.6226415038108826,0.6315789222717285,,,,,,before site id one-hot encoding + stratification
2026-03-12 12:59:37,ALL,Female,163,,,,,,,,,,,,,,,,,,,,,,,,,,,,,,,,,,,0.7272727489471436,0.7653845548629761,0.6086956262588501,0.5384615659713745,0.8500000238418579,,,,,,after site id one-hot encoding + stratification
2026-03-12 13:05:17,ALL,Male,163,,,,,,,,,,,,,,,,,,,,,,,,,,,,,,,,,,,0.6666666865348816,0.716911792755127,0.6451612710952759,0.625,0.7058823704719543,,,,,,after site id one-hot encoding + stratification
2026-03-12 13:06:35,ALL,Mixed,163,,,,,,,,,,,,,,,,,,,,,,,,,,,,,,,,,,,0.6666666865348816,0.7218044996261597,0.5925925970077515,0.5714285969734192,0.7368420958518982,,,,,,after site id one-hot encoding + stratification
2026-03-12 13:18:21,ALL,ALL,1100,,,,,,,,,,,,,,,,,,,,,,,,,,,,,,,,,,,0.6818181872367859,0.7637372016906738,0.6818181872367859,0.7075471878051758,0.6578947305679321,,,,,,after site id one-hot encoding + stratification
2026-03-12 13:37:44,NYU,Male,147,,,,,,,,,,,,,,,,,,,,,,,,,,,,,,,,,,,0.6666666865348816,0.8035714626312256,0.6666666865348816,0.7142857313156128,0.625,,,,,,after site id one-hot encoding + stratification
2026-03-12 13:39:27,NYU,Female,37,,,,,,,,,,,,,,,,,,,,,,,,,,,,,,,,,,,0.875,0.9166666269302368,0.800000011920929,1.0,0.8333333134651184,,,,,,after site id one-hot encoding + stratification
2026-03-12 13:40:26,NYU,ALL,184,,,,,,,,,,,,,,,,,,,,,,,,,,,,,,,,,,,0.6756756901741028,0.8065475821495056,0.625,0.625,0.7142857313156128,,,,,,after site id one-hot encoding + stratification
2026-03-12 15:44:48,NYU,Male,147,,,,,,,,,,,,,,,,,,,,,,,,,,,,,,,,,,,0.577471274137497,0.6924221813678741,0.5958924710750579,0.6868131816387176,0.4816666722297668,,,,,,"nested cv, optuna, stratified k-fold"
2026-03-12 15:59:36,NYU,Female,37,,,,,,,,,,,,,,,,,,,,,,,,,,,,,,,,,,,0.6178571522235871,0.8066666603088379,0.3555555641651153,0.5,0.6933333396911621,,,,,,"nested cv, optuna, stratified k-fold"
2026-03-12 16:13:27,NYU,ALL,184,,,,,,,,,,,,,,,,,,,,,,,,,,,,,,,,,,,0.6743243098258972,0.7348809361457824,0.6193896472454071,0.6350000023841857,0.7047619223594666,0.08067466,0.100383036,0.11769888,0.15235649,0.03563483,"nested cv, optuna, stratified k-fold"
2026-03-12 18:20:12,ALL,ALL,1100,,,,,,,,,,,,,,,,,,,,,,,,,,,,,,,,,,,0.6745454549789429,0.7447534084320069,0.6623870968818665,0.6641509532928467,0.6842105150222778,0.03979284,0.050997168,0.044030547,0.055524305,0.044034738,"nested cv, optuna, stratified k-fold"
2026-03-12 23:19:02,ALL,Female,163,,,,,,,,,,,,,,,,,,,,,,,,,,,,,,,,,,,0.6382575750350952,0.6809143185615539,0.582557326555252,0.6423077046871185,0.6384210467338562,0.0729597,0.054952662,0.061813522,0.111206405,0.16045815,"nested cv, optuna, stratified k-fold"
2026-03-13 00:03:38,ALL,Male,163,,,,,,,,,,,,,,,,,,,,,,,,,,,,,,,,,,,0.6515151500701905,0.6909477114677429,0.6778215646743775,0.6986928224563599,0.5975000083446502,0.10130009,0.10955031,0.09675606,0.110114716,0.11333334,"nested cv, optuna, stratified k-fold"
2026-03-13 00:17:23,ALL,Mixed,163,,,,,,,,,,,,,,,,,,,,,,,,,,,,,,,,,,,0.6992424249649047,0.7766013026237488,0.6588226199150086,0.6533333480358123,0.7392156958580017,0.024596438,0.026578678,0.058080837,0.15434448,0.113702945,"nested cv, optuna, stratified k-fold"
2026-03-13 02:03:13,ALL,Male,163,,,,,,,,,,,,,,,,,,,,,,,,,,,,,,,,,,,0.670484742292991,0.6778536416017092,0.6792465700553014,0.7188967947776501,0.5724358994227189,0.17164162,0.18103129,0.15251255,0.17861621,0.29780868,"nested cv, optuna, leave one site out"
2026-03-14 01:48:08,NYU,ALL,184,,,,,,,,,,,,,,,,,,,,,,,,,,,,,,,,,,,0.5675675868988037,0.4523809552192688,0.2000000029802322,0.125,0.9047619104385376,,,,,,default hyperparameters
2026-03-14 01:55:16,ALL,Male,163,,,,,,,,,,,,,,,,,,,,,,,,,,,,,,,,,,,0.5757575631141663,0.6727941036224365,0.6666666865348816,0.875,0.294117659330368,,,,,,default hyperparameters
2026-03-14 01:57:27,ALL,Female,163,,,,,,,,,,,,,,,,,,,,,,,,,,,,,,,,,,,0.6060606241226196,0.6807692050933838,0.4799999892711639,0.4615384638309479,0.699999988079071,,,,,,default hyperparameters
2026-03-14 02:00:16,ALL,Mixed,163,,,,,,,,,,,,,,,,,,,,,,,,,,,,,,,,,,,0.4848484992980957,0.5074074268341064,0.0,0.0,0.8888888955116272,,,,,,default hyperparameters
2026-03-14 02:02:48,ALL,ALL,1100,,,,,,,,,,,,,,,,,,,,,,,,,,,,,,,,,,,0.5409091114997864,0.5927672982215881,0.551111102104187,0.5849056839942932,0.5,,,,,,default hyperparameters
2026-03-14 02:47:31,NYU,ALL,184,,,,,,,,,,,,,,,,,,,,,,,,,,,,,,,,,,,0.5815315246582031,0.5591071367263794,0.1829233542084694,0.1133333340287208,0.9333333373069764,0.0448305660763085,0.0410884635993876,0.1123564329471432,0.0808698366167943,0.054294064625685,"default hyperparameters, nested CV"
2026-03-14 02:53:17,ALL,Male,163,,,,,,,,,,,,,,,,,,,,,,,,,,,,,,,,,,,0.6136363625526429,0.68206307888031,0.6759174823760986,0.7722222208976746,0.4433333396911621,0.0586356961302715,0.0655999717195598,0.0508676157463988,0.1320723022197177,0.1632621072096565,"default hyperparameters, nested CV"
2026-03-14 03:02:15,ALL,Female,163,,,,,,,,,,,,,,,,,,,,,,,,,,,,,,,,,,,0.5587121248245239,0.5363024711608887,0.1932709485292434,0.1390609428286552,0.8272681593894958,0.0591685599141698,0.1260829932450776,0.0618254393177445,0.060875156488963,0.1002762185772058,"default hyperparameters, nested CV"
2026-03-14 03:03:16,ALL,Mixed,163,,,,,,,,,,,,,,,,,,,,,,,,,,,,,,,,,,,0.5464015126228332,0.5507270336151123,0.4790462374687195,0.4589743673801422,0.6214585542678833,0.069187129833799,0.0524502529636733,0.0657588756517689,0.0880988595915142,0.0560551684991586,"default hyperparameters, nested CV"
2026-03-14 03:08:37,ALL,ALL,1100,,,,,,,,,,,,,,,,,,,,,,,,,,,,,,,,,,,0.5754545569419861,0.5872904300689697,0.5363598942756653,0.5094856977462768,0.6370173573493958,0.0544127323565458,0.0558249581789774,0.0447057618042135,0.0588949525665393,0.1182838318014375,"default hyperparameters, nested CV"
2026-03-14 14:45:02,NYU,ALL,184,,,,,,,,,,,,,,,,,,,,,,,,,,,,,,,,,,,0.6471471309661865,0.6957539558410645,0.5456689417362213,0.4958333373069763,0.761904776096344,0.0978167918395064,0.1493657134875188,0.1157369989460827,0.125346748073623,0.1166423617515339,nested CV with Optuna TPE tuning + SelectKBest feature selection
2026-03-14 15:07:01,ALL,Male,163,,,,,,,,,,,,,,,,,,,,,,,,,,,,,,,,,,,0.6433712124824524,0.7238242864608765,0.6664612650871277,0.6745098114013672,0.6150910437107087,0.0692765111534997,0.0714965944787475,0.0600867037469558,0.0430207380184568,0.1147559411548297,nested CV with Optuna TPE tuning + SelectKBest feature selection
2026-03-14 15:20:21,ALL,Female,163,,,,,,,,,,,,,,,,,,,,,,,,,,,,,,,,,,,0.66875,0.7197170734405518,0.5352437376976014,0.4868131875991821,0.7872180461883544,0.0848064118129776,0.0710838786362114,0.1138338297555386,0.1097958246946224,0.0674725728238608,nested CV with Optuna TPE tuning + SelectKBest feature selection
2026-03-14 15:32:18,ALL,Mixed,163,,,,,,,,,,,,,,,,,,,,,,,,,,,,,,,,,,,0.6553030371665954,0.6928072094917297,0.5979494452476501,0.5660197257995605,0.7241400122642517,0.1445936342519948,0.1326958393069261,0.1697142103044892,0.1751027825456008,0.1602896398035411,nested CV with Optuna TPE tuning + SelectKBest feature selection
2026-03-14 16:02:56,NYU,ALL,184,,,,,,,,,,,,,,,,,,,,,,,,,,,,,,,,,,,0.6312312304973602,0.6813888788223267,0.5794167637825012,0.5975000023841858,0.6571428775787354,0.116835735072333,0.1491270799722781,0.13406055212338,0.1649810631769418,0.1321374866526735,"default hyperparameters, nested CV"
2026-03-14 16:03:34,ALL,ALL,1100,,,,,,,,,,,,,,,,,,,,,,,,,,,,,,,,,,,0.6709091067314148,0.7274802565574646,0.6602543711662292,0.6622520685195923,0.6789373755455017,0.0403497144330484,0.0266548032228031,0.0343414504331557,0.0279193118454595,0.063470127927083,nested CV with Optuna TPE tuning + SelectKBest feature selection (merged steps 3+4)
2026-03-14 16:15:26,ALL,Male,163,,,,,,,,,,,,,,,,,,,,,,,,,,,,,,,,,,,0.6560606122016907,0.7387326240539551,0.6887001395225525,0.7222222328186035,0.5866666793823242,0.0486165526785562,0.0712404079932965,0.041046115450771,0.051967456625189,0.0946209635778618,"default hyperparameters, nested CV"
2026-03-14 16:32:58,ALL,Mixed,163,,,,,,,,,,,,,,,,,,,,,,,,,,,,,,,,,,,0.6198863744735718,0.7280263423919677,0.579044634103775,0.595085471868515,0.650278651714325,0.0481355018359354,0.0264247072008462,0.0856761932427741,0.1817985972343792,0.0920272270173548,"default hyperparameters, nested CV"
2026-03-14 16:37:50,ALL,Female,163,,,,,,,,,,,,,,,,,,,,,,,,,,,,,,,,,,,0.6814393997192383,0.7004525363445282,0.5852889657020569,0.5679320752620697,0.7550626516342163,0.1284280950163036,0.1801293234209075,0.1550914565828623,0.1511399730925197,0.1267544223237924,"default hyperparameters, nested CV"
2026-03-14 16:40:35,ALL,ALL,1100,,,,,,,,,,,,,,,,,,,,,,,,,,,,,,,,,,,0.6490909099578858,0.7266255021095276,0.6369834661483764,0.6376688480377197,0.6595789313316345,0.0336179501821742,0.0413816653620663,0.0209128797633323,0.0230771792089322,0.0732155408559916,"default hyperparameters, nested CV"
2026-03-14 17:20:30,ALL,ALL,1100,,,,,,,,,,,,,,,,,,,,,,,,,,,,,,,,,,,0.666752790703493,0.7306256083881154,0.6559133845217088,0.6798999993240132,0.6504469952162575,0.0574331418383573,0.0628257437925198,0.0978850389652264,0.1313632273510252,0.0801200067225383,"LOSO CV, fixed hyperparameters from Step 3 median best params, SelectKBest feature selection"
2026-03-15 16:33:53,NYU,Mixed,184,79.0,,,3.0,19900,128,32,0.1,,,150,0.0005,0.0001,,,,50,,,,,16,0.1,0.0005,0.0001,200,,,,,,population,95.0,,0.6089370648066202,0.6419685085614523,0.3064832737048467,0.2032288759946823,0.9142857193946838,0.0393332092264707,0.054781207040375,0.0750845001897633,0.0612756491722982,0.0494871629808744,
2026-03-15 17:02:25,ALL,Female,163,530.0,570.0,,3.0,19900,128,32,0.1,,,150,0.0005,0.0001,,,,50,,,,,16,0.1,0.0005,0.0001,200,,,,,,population,95.0,,0.619528611501058,0.6362871130307516,0.5057056645552317,0.5014430085817972,0.6969697078069051,0.0398033133063709,0.0443224868678288,0.0291232837368493,0.1072321100344905,0.1320878438733637,
2026-03-15 17:04:18,ALL,Male,163,530.0,570.0,,3.0,19900,128,32,0.1,,,150,0.0005,0.0001,,,,50,,,,,16,0.1,0.0005,0.0001,200,,,,,,population,95.0,,0.5456790129343668,0.557481070359548,0.5535185237725576,0.561165859301885,0.5338461548089981,0.0470433754051388,0.0384306713672577,0.0801047480865145,0.2260526142977169,0.3027565672388188,
2026-03-15 17:13:22,ALL,Mixed,163,530.0,570.0,,3.0,19900,128,32,0.1,,,150,0.0005,0.0001,,,,50,,,,,16,0.1,0.0005,0.0001,200,,,,,,population,95.0,,0.5461279352506002,0.5310727953910828,0.4294819732507069,0.3733333349227905,0.6931034525235494,0.0246895951694847,0.0227011765556419,0.0547842070129396,0.0611010095262149,0.0059725749891843,
2026-03-15 17:23:19,ALL,Mixed,1100,530.0,570.0,,5.0,19900,128,32,0.1,,,150,0.0005,0.0001,,,,15,,,,,16,0.1,0.0005,0.0001,200,,,,,,population,95.0,,0.5327272772789001,0.5480469942092896,0.5214008033275604,0.5547169804573059,0.5122807025909424,0.0251852679094744,0.0279019625248463,0.0875045408255813,0.188254230734693,0.1684576031985478,
2026-03-15 21:40:03,NYU,Mixed,184,530.0,570.0,,3.0,19900,64,64,0.1472451862693919,,,150,0.0005169926736338,0.0002341406341479,,,,50,,,,,32,0.2979057784733607,0.00051530568894,0.0011024785013607,200,,,,,,population,95.0,,0.6195651888847351,0.6592525243759155,0.3269230723381042,0.2151898741722107,0.92380952835083,,,,,,
2026-03-16 02:02:03,NYU,Mixed,184,79.0,,,,19900,128,64,0.3582177374816339,,,150,0.000984126610813,3.175088264469003e-05,,,,50,,,,,64,0.2928624362764273,0.0003710739977846,0.0088399293178565,200,,,,,,population,95.0,,0.6065573692321777,0.6406593322753906,0.294117659330368,0.1923076957464218,0.9142857193946838,,,,,,
2026-03-17 01:34:40,NYU,Mixed,184,79.0,,,5.0,19900,295,213,0.0414553148618145,,,78,0.0039472919012394,2.419895986352195e-05,,,,20,,,,,103,0.23201774595114,0.0002748583226171,0.0003055386771873,191,,,,,,population,95.0,,0.5869369387626648,0.6074602961540222,0.5236808300018311,0.5466666698455811,0.6190476357936859,0.0314541986015382,0.0797944166556709,0.0760105236302231,0.1401735078319218,0.0796819132257244,
2026-03-17 18:27:05,NYU,Mixed,184,79.0,105.0,,5.0,19900,176,37,0.0619354663641534,,,216,0.0022896257226217,1.1925530143608092e-05,,,,10,,,,,80,0.3440845297936826,0.0003182404220767,8.544042488791837e-05,367,,,,,,population,95.0,,0.620120108127594,0.6517460346221924,0.5386456370353698,0.5208333373069763,0.6952381134033203,0.0781819649045519,0.0935550511938324,0.0993384244689121,0.1102396432176603,0.0712696602619768,
2026-03-17 18:53:42,NYU,Mixed,184,79.0,105.0,,5.0,19900,32,11,0.2448899319370153,,,282,0.0011691911486419,1.0653397481807347e-08,,,,9,,,,,128,0.2537653957700344,0.0040018331553217,3.46552537167783e-05,195,,,,,,population,95.0,,0.608858847618103,0.6597618877887725,0.5216897070407868,0.4950000047683716,0.6952381134033203,0.0767236421992663,0.1199943519263031,0.0871917511390679,0.0816241447205306,0.0883201708832854,
2026-03-17 21:04:14,NYU,Mixed,184,79.0,105.0,,5.0,19900,160,39,0.0201643546783163,,,240,0.0028052550771622,9.226326608518922e-08,,,,9,,,,,128,0.2412079586425339,0.0001596814073816,0.0001605452003262,154,,,,,,population,95.0,,0.6093093037605286,0.6280357003211975,0.5235109865665436,0.5083333373069763,0.6857143044471741,0.0790902170739491,0.1163862295883872,0.1118601877131115,0.1281546424029635,0.0485620877111194,
2026-03-17 21:28:28,NYU,Mixed,184,79.0,105.0,,5.0,19900,240,21,0.0148097579140845,,,181,0.0026411521955716,4.9450801370953255e-05,,,,6,,,,,48,0.438000055593683,0.0012901208060354,0.0007317800634678,159,,,,,,population,95.0,,0.592642629146576,0.627996027469635,0.5247489929199218,0.5333333373069763,0.6380952596664429,0.0549385433986201,0.0991257631706958,0.0786949466115942,0.1175561376708278,0.0645936150368276,
2026-03-17 21:53:28,ALL,Male,163,86.0,77.0,,5.0,19900,112,26,0.1278544587869138,,,244,0.0030151398386035,2.4416374303262043e-06,,,,19,,,,,32,0.1040705935643361,0.000188553715861,0.0008473238222406,316,,,,,,population,95.0,,0.5467803061008454,0.6245941996574402,0.5179308652877808,0.4777777850627899,0.6250000059604645,0.059722486435739,0.1047225237413381,0.0871590552452158,0.1437373671206487,0.1288841049490158,
2026-03-17 22:15:50,ALL,Female,163,64.0,99.0,,5.0,19900,96,16,0.0765212190005724,,,241,0.0023079286130813,6.91702991699745e-06,,,,15,,,,,80,0.4066477983851233,0.0001691093151666,0.003648385376281,101,,,,,,population,95.0,,0.6017045438289642,0.6491194427013397,0.4663960158824921,0.4551282078027725,0.7,0.0793504033097676,0.0964732879699033,0.0660319426358769,0.1214908478260323,0.1816590219020755,
2026-03-17 22:29:44,ALL,Mixed,163,75.0,88.0,,5.0,19900,144,37,0.1062499967038021,,,248,0.0028209908043652,1.6117650401781374e-05,,,,4,,,,,48,0.3689297531796396,0.00020076517455,0.0002437327558268,154,,,,,,population,95.0,,0.570643937587738,0.6208061218261719,0.5675300300121308,0.626666682958603,0.5248366177082062,0.0322281455525239,0.0890704743416617,0.0649768575642827,0.1236482501630677,0.0947058677704198,
2026-03-17 22:32:38,NYU,Mixed,184,79.0,105.0,,5.0,19900,96,58,0.0246297525833272,,,240,0.0047736547812128,5.987001148083998e-06,,,,3,,,,,64,0.5279814111046126,0.0001341278095802,0.0001068800804561,449,,,,,,population,95.0,,0.6363363265991211,0.6839484095573425,0.5566137611865998,0.5733333349227905,0.6857143044471741,0.0915517093294659,0.1182908569731392,0.1588236091034919,0.2262711029795733,0.0712696602619768,semi-supervised
2026-03-17 22:50:16,ALL,Mixed,1100,530.0,570.0,,5.0,19900,64,37,0.1158237774652021,,,275,0.0062040908395069,1.3067533441424602e-05,,,,9,,,,,80,0.2894575974678164,0.0012145976039258,0.0015964112731363,290,,,,,,population,95.0,,0.5481818199157715,0.5651770949363708,0.4291911542415619,0.3603773564100265,0.7228070259094238,0.0180906831906774,0.033988959271966,0.0577619013166524,0.0823298981733332,0.0846116204223999,
2026-03-17 23:09:23,ALL,Male,163,86.0,77.0,,5.0,19900,144,31,0.0294784331987323,,,205,0.0019272613404836,3.980125534071849e-06,,,,19,,,,,48,0.3855138291046543,0.0003507705243796,0.0045390654900545,490,,,,,,population,95.0,,0.5532197058200836,0.6335784196853638,0.5442832350730896,0.5117647171020507,0.5991666734218597,0.077767829707274,0.1101101736279441,0.0804245236612273,0.10782531574878,0.1416274482095146,semi-supervised
2026-03-17 23:25:25,ALL,Female,163,64.0,99.0,,5.0,19900,224,50,0.1979769586422277,,,384,0.0015288769398537,5.407352696249262e-05,,,,14,,,,,224,0.4841150337703188,0.0001520673017844,1.5810433319108334e-05,125,,,,,,population,95.0,,0.6130681753158569,0.631221342086792,0.4728138625621795,0.4397435903549194,0.7278947472572327,0.0823931121669778,0.0964187151209619,0.0743573305262626,0.091700270597088,0.1559582956222632,semi-supervised autoencoder
2026-03-18 16:22:31,ALL,Mixed,1100,530.0,570.0,LOSO,17.0,19900,1000,600,0.2,0.3,0.1,15,0.001,0.0001,0.01,,196.0,20,0.0001,0.0001,,,64,0.5,0.001,0.0001,200,,,,,,population,75.0,,0.7457267151159399,0.8644062981886023,0.6811732343014549,0.678271551780841,0.8016076193136328,0.0881127684464833,0.0490186555868743,0.2327034431764451,0.2483812878527288,0.114936108922584,"data leakage, default params"
2026-03-18 17:53:33,ALL,Mixed,1100,530.0,570.0,LOSO,17.0,19900,4000,2000,0.2,0.3,0.1,15,0.001,0.0001,0.01,,196.0,20,0.0001,0.0001,,,64,0.5,0.001,0.0001,200,,,,,,population,75.0,,0.7090285735971787,0.8171381985439974,0.6219801254132215,0.6002658944138709,0.7952652626177844,0.069821220503563,0.0508703775461524,0.2304279593204066,0.2564106378744206,0.1480486313806773,"data leakage, default params"
2026-03-18 18:52:32,ALL,Mixed,1100,530.0,570.0,5 random seeds,,19900,1000,600,0.2,0.3,0.1,15,0.001,0.0001,0.01,,170.0,20,0.0001,0.0001,,,64,0.5,0.001,0.0001,200,,,,,,population,75.0,,0.7318181991577148,0.8402846455574036,0.7531380653381348,0.849056601524353,0.6228070259094238,,,,,,"data leakage, default params"
2026-03-18 20:38:44,ALL,Male,163,86.0,77.0,LOSO,13.0,19900,1000,600,0.2,0.3,0.1,15,0.001,0.0001,0.01,,24.0,20,0.0001,0.0001,,,64,0.5,0.001,0.0001,200,24.0,4.0,,,,population,75.0,,0.8419723272323608,0.97910715341568,0.8258420467376709,0.7908403396606445,0.8300000011920929,0.1087931880926844,0.0332142843354185,0.1210193898330663,0.189069724523535,0.2357965202771239,"data leakage, default params"
2026-03-18 20:51:54,ALL,Mixed,1100,530.0,570.0,SKF,10.0,19900,1000,600,0.2,0.3,0.1,15,0.001,0.0001,0.01,,132.0,20,0.0001,0.0001,,,64,0.5,0.001,0.0001,200,132.0,112.0,,,,population,75.0,,0.7472727239131928,0.8745779573917389,0.7069350510835648,0.6792452886700631,0.810526317358017,0.0540584285680736,0.0246042917871012,0.1130929594661156,0.1978884633048179,0.1741708591267893,"data leakage, default params"
2026-03-18 21:06:25,ALL,Mixed,1100,530.0,570.0,5 random seeds,,19900,1000,600,0.2,0.3,0.1,15,0.001,0.0001,0.01,,33.0,20,0.0001,0.0001,,,64,0.5,0.001,0.0001,200,33.0,13.0,,,,population,75.0,,0.7636363506317139,0.8472360372543335,0.7346938848495483,0.6792452931404114,0.8421052694320679,,,,,,"data leakage, default params"
2026-03-18 21:45:11,ALL,Mixed,1100,530.0,570.0,single random seed,,19900,1000,600,0.2,0.3,0.1,15,0.001,0.0001,0.01,,27.0,20,0.0001,0.0001,,,64,0.5,0.001,0.0001,200,27.0,7.0,,,,knn,,10.0,0.7454545497894287,0.8238993883132935,0.7543859481811523,0.8113207817077637,0.6842105388641357,,,,,,"data leakage, default params"
2026-03-18 21:51:48,ALL,Mixed,1100,530.0,570.0,5 random seeds,,19900,1000,600,0.2,0.3,0.1,15,0.001,0.0001,0.01,,97.0,20,0.0001,0.0001,,,64,0.5,0.001,0.0001,200,97.0,77.0,,,,knn,,10.0,0.7909090995788575,0.8669480323791504,0.7875523209571839,0.8056603789329528,0.7771929740905762,0.0128564873138335,0.0148598636183206,0.0145345197548094,0.0420208626713315,0.0435427194346804,"data leakage, default params"
2026-03-18 22:03:04,ALL,Mixed,1100,530.0,570.0,SKF,10.0,19900,1000,600,0.2,0.3,0.1,15,0.001,0.0001,0.01,,74.0,20,0.0001,0.0001,,,64,0.5,0.001,0.0001,200,74.0,54.0,,,,knn,,10.0,0.7972727358341217,0.8830850839614868,0.7916447758674622,0.798113214969635,0.7964912295341492,0.0304375772197071,0.0242695016071101,0.0273347713139256,0.0477697689142363,0.0736842061792111,"data leakage, default params"
2026-03-18 22:05:32,ALL,Mixed,1100,530.0,570.0,SKF,10.0,19900,1000,600,0.2,0.3,0.1,15,0.001,0.0001,0.01,,74.0,20,0.0001,0.0001,,,64,0.5,0.001,0.0001,200,74.0,54.0,,,,knn,,10.0,0.7972727358341217,0.8830850839614868,0.7916447758674622,0.798113214969635,0.7964912295341492,0.0304375772197071,0.0242695016071101,0.0273347713139256,0.0477697689142363,0.0736842061792111,"data leakage, default params"
2026-03-18 22:16:16,ALL,Mixed,1100,530.0,570.0,LOSO,17.0,19900,1000,600,0.2,0.3,0.1,15,0.001,0.0001,0.01,,41.0,20,0.0001,0.0001,,,64,0.5,0.001,0.0001,200,41.0,21.0,,,,knn,,10.0,0.7595964074134827,0.8605713388499092,0.7580855593961828,0.7925270024467918,0.7354573081521427,0.0655381858837787,0.0539537890964291,0.0732173895224042,0.110838504900785,0.1191943354422517,"data leakage, default params"
2026-03-18 23:20:57,ALL,Mixed,1100,530.0,570.0,LOSO,17.0,19900,1000,600,0.2,0.3,0.1,15,0.001,0.0001,0.01,,187.0,20,0.0001,0.0001,,,64,0.5,0.001,0.0001,200,61.0,41.0,,,,population,75.0,,0.6514356346691356,0.7141597831950468,0.5881030804970685,0.5488804184338626,0.7407250684850356,0.0706471707238488,0.0684592270052346,0.1300832794248071,0.1717088918343818,0.1306444233566796,"data leakage fixed, default params"
2026-03-18 23:44:32,ALL,Mixed,1100,530.0,570.0,5 random seeds,,19900,1000,600,0.2,0.3,0.1,15,0.001,0.0001,0.01,,194.0,20,0.0001,0.0001,,,64,0.5,0.001,0.0001,200,43.0,23.0,,,,knn,,10.0,0.742727267742157,0.8215160727500915,0.7459732055664062,0.7867924332618713,0.701754379272461,0.0223791437780818,0.0100777261132426,0.027638816372914,0.0501333259432775,0.0221914317662858,"data leakage, default params"
2026-03-18 23:45:28,ALL,Mixed,1100,530.0,570.0,5 random seeds,,19900,1000,600,0.2,0.3,0.1,15,0.001,0.0001,0.01,,194.0,20,0.0001,0.0001,,,64,0.5,0.001,0.0001,200,53.0,33.0,,,,population,75.0,,0.7290909051895141,0.8481297612190246,0.7030967712402344,0.7471698105335236,0.7122807025909423,0.0426982553109135,0.0207214291356096,0.1302566955903217,0.2323437575462456,0.1433237722226903,"data leakage, default params"
2026-03-19 00:04:42,ALL,Mixed,1100,530.0,570.0,LOSO,17.0,19900,1000,600,0.2,0.3,0.1,15,0.001,0.0001,0.01,,176.0,20,0.0001,0.0001,,,64,0.5,0.001,0.0001,200,59.0,39.0,,,,knn,,10.0,0.6625517150935005,0.7256527332698598,0.6463779684375314,0.6484848278410295,0.6772808415048263,0.0797973061452517,0.0858566997277353,0.09295152530324,0.1200735716775026,0.1180971389787035,"data leakage fixed, default params"
2026-03-19 00:08:28,ALL,Mixed,1100,530.0,570.0,SKF,10.0,19900,1000,600,0.2,0.3,0.1,15,0.001,0.0001,0.01,,220.0,20,0.0001,0.0001,,,64,0.5,0.001,0.0001,200,48.0,28.0,,,,population,75.0,,0.7318181693553925,0.8361138761043548,0.676069724559784,0.5981132119894028,0.8561403572559356,0.0333402260719087,0.0200708580760486,0.0725308980189274,0.1144740498601906,0.070525450894297,"data leakage fixed, default params"
2026-03-19 00:11:07,ALL,Mixed,1100,530.0,570.0,SKF,10.0,19900,1000,600,0.2,0.3,0.1,15,0.001,0.0001,0.01,,220.0,20,0.0001,0.0001,,,64,0.5,0.001,0.0001,200,58.0,38.0,,,,knn,,10.0,0.7854545474052429,0.8766964554786683,0.7825151562690735,0.798113214969635,0.7736842185258865,0.0569471173953398,0.0287920373159409,0.0482787085381269,0.0852404399871077,0.1346312674430059,"data leakage fixed, default params"
2026-03-19 15:58:28,ALL,Mixed,1100,530.0,570.0,5 random seeds,,19900,1000,600,0.2,0.3,0.1,15,0.001,0.0001,0.01,,199.0,20,0.0001,0.0001,,,64,0.5,0.001,0.0001,200,37.0,17.0,,,,population,75.0,,0.6563636183738708,0.7181231379508972,0.6322612881660461,0.622641509771347,0.6877192854881287,0.0191988323059243,0.0329993809624559,0.0438921484466045,0.0918540429674925,0.0849746000728848,"data leakage fixed, default params"
2026-03-20 15:04:53,ALL,Mixed,1100,530.0,570.0,SKF,10.0,19900,1000,600,0.2,0.3,0.1,15,0.001,0.0001,0.01,,216.0,20,0.0001,0.0001,,,64,0.5,0.001,0.0001,200,45.0,25.0,,,,population,75.0,,0.6481818199157715,0.7245283186435699,0.6145910680294037,0.6056603819131852,0.6877193033695221,0.0247466502092637,0.044737879828522,0.0594461717574146,0.1575104533796352,0.1628463335639996,"data leakage fixed, moved autoencoder + graphs inside loop, default params"
2026-03-20 15:09:55,ALL,Mixed,1100,530.0,570.0,SKF,10.0,19900,1000,600,0.2,0.3,0.1,15,0.001,0.0001,0.01,,195.0,20,0.0001,0.0001,,,64,0.5,0.001,0.0001,200,52.0,32.0,,,,knn,10.0,10.0,0.649999988079071,0.7220125794410706,0.6184335172176361,0.601886796951294,0.6947368413209916,0.037537857078173,0.0566789942668777,0.0646034645784676,0.1179660352174412,0.0877894428362457,"data leakage fixed, moved autoencoder + graphs inside loop, default params"
2026-03-21 00:57:33,ALL,Mixed,1100,530.0,570.0,5 random seeds,,19900,8192,4096,0.4975344053979957,0.3350698573780357,1.1644843424101785,25,0.0006859748044625,0.0003597367119833,0.0005425311716386,,152.0,23,3.642484612387452e-05,0.0001896182969721,,,512,0.3541373327111675,0.0003146948006062,0.0002449898667646,154,35.0,21.0,,,,population,70.0,,0.6809090852737427,0.7479808330535889,0.6522507190704345,0.6264150857925415,0.7315789461135864,0.0200000020590725,0.0297524641199297,0.0352259611254954,0.0732211543449721,0.0653140762701741,"data leakage fixed, moved autoencoder + graphs inside loop, optuna_best_params: study=20260319_234955"
2026-03-21 01:42:53,ALL,Mixed,1100,530.0,570.0,SKF,10.0,19900,8192,4096,0.4975344053979957,0.3350698573780357,1.1644843424101785,25,0.0006859748044625,0.0003597367119833,0.0005425311716386,,169.0,23,3.642484612387452e-05,0.0001896182969721,,,512,0.3541373327111675,0.0003146948006062,0.0002449898667646,154,47.0,33.0,,,,population,70.0,,0.6509090900421143,0.7408474028110504,0.5757690340280532,0.5320754662156105,0.7614035069942474,0.0498261417441603,0.0508916314700809,0.1348677840892733,0.1791558819229827,0.1223550649583982,"data leakage fixed, moved autoencoder + graphs inside loop, optuna_best_params: study=20260319_234955"
2026-03-21 02:33:04,ALL,Mixed,1100,530.0,570.0,LOSO,17.0,19900,8192,4096,0.4975344053979957,0.3350698573780357,1.1644843424101785,25,0.0006859748044625,0.0003597367119833,0.0005425311716386,,170.0,23,3.642484612387452e-05,0.0001896182969721,,,512,0.3541373327111675,0.0003146948006062,0.0002449898667646,154,58.0,44.0,,,,population,70.0,,0.6638622213812435,0.7397934934672188,0.6030880353030037,0.5480168952661402,0.7704009694211623,0.0447601131970651,0.061550365069727,0.0930739708575862,0.1235155810958278,0.0943268431513426,"data leakage fixed, moved autoencoder + graphs inside loop, optuna_best_params: study=20260319_234955"
2026-03-21 02:53:07,ALL,Mixed,1100,530.0,570.0,LOSO,17.0,19900,1000,600,0.2,0.3,0.1,15,0.001,0.0001,0.01,,175.0,20,0.0001,0.0001,,,64,0.5,0.001,0.0001,200,49.0,29.0,,,,population,70.0,,0.650960385799408,0.721131749012891,0.6053067971678341,0.5837536734693191,0.7161575696047615,0.0576159032016237,0.0569989386005104,0.1000492406486177,0.1698946895544397,0.1577314704776623,"data leakage fixed, moved autoencoder + graphs inside loop, default params"
2026-03-21 02:59:21,ALL,Mixed,1100,530.0,570.0,LOSO,17.0,19900,1000,600,0.2,0.3,0.1,15,0.001,0.0001,0.01,,184.0,20,0.0001,0.0001,,,64,0.5,0.001,0.0001,200,48.0,28.0,,,,knn,,10.0,0.6420357683125664,0.7193650743540596,0.6319752160240623,0.6432196007055395,0.6366387649494059,0.084069138676223,0.085429352183318,0.0877585500014201,0.1057146159109282,0.1646684920095558,"data leakage fixed, moved autoencoder + graphs inside loop, default params"
2026-03-21 03:07:59,ALL,Mixed,1100,530.0,570.0,5 random seeds,,19900,1000,600,0.2,0.3,0.1,15,0.001,0.0001,0.01,,165.0,20,0.0001,0.0001,,,64,0.5,0.001,0.0001,200,45.0,25.0,,,,population,70.0,,0.6618181824684143,0.7355676770210267,0.6424749612808227,0.6396226406097412,0.682456123828888,0.0401031604245,0.0295078415085182,0.0533788957123679,0.0993750437457069,0.1090545191320479,"data leakage fixed, moved autoencoder + graphs inside loop, default params"
2026-03-21 03:14:30,ALL,Mixed,1100,530.0,570.0,5 random seeds,,19900,1000,600,0.2,0.3,0.1,15,0.001,0.0001,0.01,,161.0,20,0.0001,0.0001,,,64,0.5,0.001,0.0001,200,53.0,33.0,,,,knn,,10.0,0.681818175315857,0.7441575527191162,0.6689810395240784,0.6679245233535767,0.6947368502616882,0.0190692506483031,0.0172787346077911,0.018637287221814,0.0374517636428085,0.0494350917376092,"data leakage fixed, moved autoencoder + graphs inside loop, default params"
2026-03-21 03:44:43,ALL,Mixed,1100,530.0,570.0,SKF,5.0,19900,8192,4096,0.4975344053979957,0.3350698573780357,1.1644843424101785,25,0.0006859748044625,0.0003597367119833,0.0005425311716386,,156.0,23,3.642484612387452e-05,0.0001896182969721,,,512,0.3541373327111675,0.0003146948006062,0.0002449898667646,154,45.0,31.0,,,,population,70.0,,0.681818175315857,0.7441906690597534,0.6533496618270874,0.6358490645885467,0.7245614051818847,0.0179531079497184,0.0338029507559854,0.0452496772092207,0.1120379783860763,0.1110403013031684,"data leakage fixed, moved autoencoder + graphs inside loop, optuna_best_params: study=20260319_234955"
2026-03-21 20:51:47,ALL,Mixed,1100,530.0,570.0,5 random seeds,,19900,2048,512,0.2,0.3,5.0,100,0.001,0.0001,0.001,400.0,175.0,20,0.001,0.0001,0.5,10.0,256,0.5,0.001,0.0005,500,79.0,29.0,50.0,0.5,25.0,population,70.0,,0.5836363673210144,0.6589705109596252,0.5888006448745727,0.6943396240472793,0.4807017534971237,0.050255556902818,0.0267291759852433,0.1352597330957812,0.2550033402978398,0.2513368341266991,scaler leakage
2026-03-21 21:26:45,ALL,Mixed,1100,530.0,570.0,SKF,10.0,19900,2048,512,0.2,0.3,5.0,100,0.001,0.0001,0.001,400.0,183.0,20,0.001,0.0001,0.5,10.0,256,0.5,0.001,0.0005,500,116.0,66.0,50.0,0.5,25.0,population,70.0,,0.5990909099578857,0.6571003019809722,0.5993135631084442,0.63584905564785,0.5649122774600983,0.0449885212932887,0.0400224547137545,0.0495663463822084,0.1439537375850814,0.1913487462418823,scaler leakage
2026-03-21 21:46:03,ALL,Mixed,1100,530.0,570.0,SKF,10.0,19900,1024,128,0.4,0.2,0.5,100,0.001,0.0001,0.001,200.0,151.0,20,0.0001,0.0001,0.5,10.0,256,0.5,0.001,0.0005,300,82.0,52.0,30.0,0.5,15.0,population,75.0,,0.6336363613605499,0.6798080027103424,0.6166022539138794,0.6207547187805176,0.6456140369176865,0.0312415279884492,0.0328514359989706,0.0451843076364667,0.1065494871509114,0.1225058881432151,scaler leakage
2026-03-21 22:55:29,ALL,Mixed,1100,530.0,570.0,SKF,10.0,19900,256,32,0.3,0.4,0.0,150,0.001,0.0001,0.01,200.0,110.0,20,0.0001,0.0001,0.5,10.0,256,0.5,0.001,0.0005,300,69.0,39.0,30.0,0.5,15.0,population,75.0,,0.6054545402526855,0.6644323229789734,0.5319391787052155,0.4754717111587524,0.7263157844543457,0.0307482406439995,0.0464256292989643,0.0653843717637048,0.0942641278618163,0.0849383764904874,scaler leakage
2026-03-21 23:04:45,ALL,Mixed,1100,530.0,570.0,SKF,5.0,19900,256,32,0.3,0.4,0.0,150,0.001,0.0001,0.01,200.0,75.0,20,0.0001,0.0001,0.5,10.0,256,0.5,0.001,0.0005,500,105.0,55.0,50.0,0.5,15.0,population,75.0,,0.6054545521736145,0.6626282572746277,0.5944371342658996,0.603773581981659,0.6070175409317017,0.0505670414563246,0.0464944142639295,0.0383054282831111,0.0910756201536273,0.1510606790765717,scaler leakage
2026-03-21 23:26:35,ALL,Mixed,1100,530.0,570.0,SKF,5.0,19900,256,32,0.3,0.4,0.0,150,0.001,0.0001,0.01,200.0,103.0,20,0.0001,0.0001,0.5,10.0,256,0.5,0.001,0.0005,300,89.0,59.0,30.0,0.5,15.0,population,85.0,,0.5981818318367005,0.6407811880111695,0.5956438541412353,0.6245282888412476,0.5736841976642608,0.0210469782558779,0.0352577154914154,0.0436756564768929,0.1091081637040785,0.1037315387597962,scaler leakage
2026-03-21 23:31:00,ALL,Mixed,1100,530.0,570.0,SKF,5.0,19900,256,32,0.3,0.4,0.1,150,0.001,0.0001,0.01,200.0,108.0,20,0.0001,0.0001,0.5,10.0,256,0.5,0.001,0.0005,300,59.0,29.0,30.0,0.5,15.0,population,85.0,,0.6781818270683289,0.7366848707199096,0.65539048910141,0.6377358317375184,0.7157894730567932,0.0166142267758754,0.0219779177538754,0.0247071164455592,0.0525599599696556,0.0542442981627874,scaler leakage
2026-03-21 23:35:01,ALL,Mixed,1100,530.0,570.0,SKF,5.0,19900,256,32,0.3,0.4,0.1,150,0.001,0.0001,0.01,200.0,88.0,20,0.0001,0.0001,0.5,10.0,256,0.5,0.001,0.0005,300,48.0,18.0,30.0,0.5,15.0,population,75.0,,0.6754545450210572,0.7396226286888122,0.6636827230453491,0.6641509294509887,0.6859649062156677,0.0372172597657278,0.0278404534079844,0.0340897858094574,0.0424423461540246,0.0687128220208263,scaler leakage
2026-03-22 00:03:13,ALL,Mixed,1100,530.0,570.0,LOSO,17.0,19900,256,32,0.3,0.4,0.1,150,0.001,0.0001,0.01,200.0,107.0,20,0.0001,0.0001,0.5,10.0,256,0.6,0.001,0.005,300,62.0,32.0,30.0,0.5,15.0,population,75.0,,0.6908472040120293,0.7368780584896312,0.6680901085629183,0.647832007969127,0.7278057231622583,0.0572271358296369,0.0623524100384937,0.0660210133329681,0.0738808634148841,0.1043619417473107,scaler leakage
2026-03-22 00:18:24,ALL,Mixed,1100,530.0,570.0,SKF,5.0,19900,256,32,0.3,0.4,0.1,150,0.001,0.0001,0.01,200.0,97.0,20,0.0001,0.0001,0.5,10.0,256,0.6,0.001,0.005,300,47.0,17.0,30.0,0.5,15.0,population,75.0,,0.6809091091156005,0.7385302782058716,0.6604140281677247,0.6490566015243531,0.7105263113975525,0.0213974616113843,0.0276809776342651,0.0344294387315491,0.0701927406760665,0.0625211641412341,
2026-03-22 00:18:45,ALL,Mixed,1100,530.0,570.0,SKF,5.0,19900,256,32,0.3,0.4,0.1,150,0.001,0.0001,0.01,200.0,97.0,20,0.0001,0.0001,0.5,10.0,256,0.6,0.001,0.005,300,47.0,17.0,30.0,0.5,15.0,population,75.0,,0.6809091091156005,0.7385302782058716,0.6604140281677247,0.6490566015243531,0.7105263113975525,0.0213974616113843,0.0276809776342651,0.0344294387315491,0.0701927406760665,0.0625211641412341,
2026-03-22 00:27:32,ALL,Mixed,1100,530.0,570.0,5 random seeds,,19900,256,32,0.3,0.4,0.1,150,0.001,0.0001,0.01,200.0,87.0,20,0.0001,0.0001,0.5,10.0,256,0.6,0.001,0.005,300,59.0,29.0,30.0,0.5,15.0,population,75.0,,0.7172727346420288,0.7793942451477051,0.6996514558792114,0.6867924571037293,0.7456140398979187,0.0228903274661029,0.028729579608758,0.0317400636942813,0.0570423293732433,0.0332871382251028,
2026-03-22 00:28:56,ALL,Mixed,1100,530.0,570.0,LOSO,17.0,19900,256,32,0.3,0.4,0.1,150,0.001,0.0001,0.01,200.0,101.0,20,0.0001,0.0001,0.5,10.0,256,0.6,0.001,0.005,300,58.0,28.0,30.0,0.5,15.0,population,75.0,,0.6643209772951463,0.7376653061193579,0.6411759467685924,0.6319865356473362,0.6841550083721385,0.0697840901095827,0.0688082088558732,0.0920825648417403,0.1088197936092876,0.11270074569966,
2026-03-22 00:53:22,ALL,Mixed,1100,530.0,570.0,SKF,5.0,19900,512,256,0.3,0.4,0.1,150,0.001,0.0001,0.01,200.0,111.0,20,0.0001,0.0001,0.5,10.0,128,0.6,0.001,0.005,300,72.0,42.0,30.0,0.5,15.0,population,75.0,,0.6763636469841003,0.7314961910247803,0.6414855360984802,0.6056603908538818,0.7421052575111389,0.028948524970673,0.0198812858336208,0.0455218252060944,0.0689131372230623,0.0475953028759227,
2026-03-22 02:11:02,ALL,Mixed,1100,530.0,570.0,SKF,5.0,19900,128,64,0.1537326583308724,0.1511263018470916,0.1983181665656311,150,0.0007118629910218,2.823681562849463e-05,0.0189682726818496,200.0,49.0,20,1.5011453656789535e-05,3.844292772622341e-05,0.5,10.0,256,0.6935213113123005,0.0095481279052686,0.0030182850068513,300,46.0,16.0,30.0,0.5,15.0,population,73.5031679107411,,0.6854545474052429,0.7481794357299805,0.6547108650207519,0.6207547068595887,0.7456140518188477,0.0256163802640822,0.0255480262642137,0.0343532533684943,0.0452043299759189,0.0156916985581721,study=resgcn_1100_population_20260322_010649
2026-03-22 02:18:25,ALL,Mixed,1100,530.0,570.0,SKF,5.0,19900,128,64,0.1537326583308724,0.1511263018470916,0.1983181665656311,150,0.0007118629910218,2.823681562849463e-05,0.0189682726818496,200.0,40.0,20,1.5011453656789535e-05,3.844292772622341e-05,0.5,10.0,256,0.6935213113123005,0.001,0.0030182850068513,300,37.0,7.0,30.0,0.5,15.0,population,73.5031679107411,,0.6890909194946289,0.747848391532898,0.6687639832496644,0.6547169804573059,0.7210526466369629,0.0200412833120895,0.026946591086901,0.0305014376782335,0.0567921330270769,0.0431165132220428,study=resgcn_1100_population_20260322_010649
2026-03-22 02:26:37,ALL,Mixed,1100,530.0,570.0,LOSO,17.0,19900,128,64,0.1537326583308724,0.1511263018470916,0.1983181665656311,150,0.0007118629910218,2.823681562849463e-05,0.0189682726818496,200.0,57.0,20,1.5011453656789535e-05,3.844292772622341e-05,0.5,10.0,256,0.6935213113123005,0.0095481279052686,0.0030182850068513,300,48.0,18.0,30.0,0.5,15.0,population,73.5031679107411,,0.6801286059267381,0.7451947576859418,0.6510641487205729,0.6345271135077757,0.7120652672122506,0.056637338643627,0.0569944702125683,0.0827988140707535,0.119538300107942,0.1092687166589305,study=resgcn_1100_population_20260322_010649
2026-03-22 02:31:44,ALL,Mixed,1100,530.0,570.0,5 random seeds,,19900,128,64,0.1537326583308724,0.1511263018470916,0.1983181665656311,150,0.0007118629910218,2.823681562849463e-05,0.0189682726818496,200.0,62.0,20,1.5011453656789535e-05,3.844292772622341e-05,0.5,10.0,256,0.6935213113123005,0.0095481279052686,0.0030182850068513,300,46.0,16.0,30.0,0.5,15.0,population,73.5031679107411,,0.7063636302947998,0.7782605051994324,0.6880681157112122,0.6773584842681885,0.7333333373069764,0.0279610056929751,0.03089905940524,0.0415963078824505,0.0683946063781182,0.027516462508642,study=resgcn_1100_population_20260322_010649
2026-03-22 17:12:22,ALL,Mixed,1100,530.0,570.0,SKF,5.0,19900,2048,256,0.1,0.3,1.0,50,0.001,0.0001,0.001,200.0,146.0,20,0.0001,0.0001,0.5,10.0,64,0.5,0.005,0.0005,300,100.0,50.0,50.0,0.5,20.0,population,70.0,,0.6881818175315857,0.7510261535644531,0.6434381604194641,0.5830188632011414,0.7859649062156677,0.0360898802365825,0.0420718100779671,0.0375822789942316,0.0317967881801316,0.0513289128653048,
2026-03-22 17:22:19,ALL,Mixed,1100,530.0,570.0,SKF,5.0,19900,2048,256,0.1,0.3,1.0,50,0.001,0.0001,0.001,200.0,175.0,20,0.0001,0.0001,0.5,10.0,64,0.5,0.005,0.0005,300,84.0,34.0,50.0,0.5,20.0,population,90.0,,0.653636372089386,0.7188679337501526,0.636954402923584,0.6339622616767884,0.6719298124313354,0.0306135517738967,0.0392346390986007,0.0351429241219793,0.0719459441235732,0.0781834472806599,
2026-03-22 20:05:12,ALL,Mixed,1100,530.0,570.0,SKF,5.0,19900,1024,128,0.3122995556647767,0.4221634555274364,1.534255525370671,100,0.0007181827515732,2.4636571296038945e-05,0.0609560410969653,200.0,168.0,20,0.0004627537784181,2.6913297187545597e-05,0.5,10.0,64,0.6432539777177987,0.0025440276097523,0.0011215945861476,300,64.0,14.0,50.0,0.5,20.0,population,78.26301677113995,,0.6920454621315002,0.7432115077972412,0.6506402015686035,0.6013165414333344,0.7764214158058167,0.0345424726131266,0.0433867778385312,0.0534827129272386,0.0762030257284986,0.0473316671521805,study=resgcn_1100_population_20260322_180043
2026-03-22 20:36:33,ALL,Mixed,1100,530.0,570.0,SKF,5.0,19900,2048,256,0.1,0.3,1.0,50,0.001,0.0001,0.001,200.0,141.0,20,0.0001,0.0001,0.5,10.0,64,0.5,0.005,0.0005,300,98.0,48.0,50.0,0.5,20.0,population,70.0,,0.649999988079071,0.7243536114692688,0.6072140097618103,0.5636694848537445,0.730387020111084,0.026552999899673,0.0240273564661795,0.0364020372186231,0.0510526534917758,0.0444378317554705,
2026-03-22 20:42:56,ALL,Mixed,1100,530.0,570.0,SKF,5.0,19900,2048,256,0.1,0.3,1.0,50,0.001,0.0001,0.001,200.0,122.0,20,0.0001,0.0001,0.5,10.0,64,0.5,0.005,0.0005,300,107.0,57.0,50.0,0.5,20.0,population,70.0,,0.6625,0.7305572867393494,0.6505731105804443,0.6533893704414367,0.6712852478027344,0.0228970952380315,0.0303426362267517,0.0228482294380981,0.0468146183293975,0.0632141612437738,
2026-03-22 20:52:02,ALL,Mixed,1100,530.0,570.0,SKF,5.0,19900,2048,256,0.1,0.3,1.0,50,0.001,0.0001,0.001,200.0,122.0,20,0.0001,0.0001,0.5,10.0,64,0.5,0.005,0.0005,300,107.0,57.0,50.0,0.5,20.0,population,70.0,,0.6625,0.7305572867393494,0.6505731105804443,0.6533893704414367,0.6712852478027344,0.0228970952380315,0.0303426362267517,0.0228482294380981,0.0468146183293975,0.0632141612437738,
2026-03-22 21:05:20,ALL,Mixed,1100,530.0,570.0,SKF,5.0,19900,2048,256,0.1,0.3,1.0,50,0.001,0.0001,0.001,200.0,154.0,20,0.0001,0.0001,0.5,10.0,64,0.5,0.005,0.0005,300,141.0,91.0,50.0,0.5,20.0,population,70.0,,0.6736363649368287,0.7424280166625976,0.64997239112854,0.6301886796951294,0.7140350818634034,0.015320272559244,0.0178708994766135,0.0215160211807817,0.0379240627747269,0.0326334683763268,
2026-03-22 21:47:35,ALL,Mixed,1100,530.0,570.0,LOSO,17.0,19900,2048,256,0.1,0.3,1.0,50,0.001,0.0001,0.001,200.0,181.0,20,0.0001,0.0001,0.5,10.0,64,0.5,0.005,0.0005,300,126.0,76.0,50.0,0.5,20.0,population,70.0,,0.6691130154273089,0.751614016645095,0.6493308631812825,0.6445871240952435,0.6925310422392452,0.0616021456059427,0.0650738627658126,0.0756274474188579,0.1118950214416294,0.1449580756128899,
2026-03-22 22:36:37,ALL,Mixed,1100,530.0,570.0,SKF,5.0,19900,512,128,0.282995157134478,0.299838768608675,1.0237007245464382,50,0.0001929295649339,0.0004257958559371,0.0078530805730474,200.0,158.0,30,1.3395564173162771e-05,0.0003674839047774,0.5,10.0,64,0.5104544575336055,0.0006019264802326,0.001298015554758,300,200.0,125.0,75.0,0.5,15.0,population,83.29288644389122,,0.6872727274894714,0.7503558397293091,0.6704148173332214,0.6603773593902588,0.7122807025909423,0.0323207080023555,0.0306919936594342,0.0343016246704699,0.0367803550373914,0.0325389986885633,study=resgcn_1100_population_20260322_205756
2026-03-22 22:48:57,ALL,Mixed,1100,530.0,570.0,LOSO,17.0,19900,512,128,0.282995157134478,0.299838768608675,1.0237007245464382,50,0.0001929295649339,0.0004257958559371,0.0078530805730474,200.0,145.0,30,1.3395564173162771e-05,0.0003674839047774,0.5,10.0,64,0.5104544575336055,0.0006019264802326,0.001298015554758,300,153.0,82.0,75.0,0.5,15.0,population,83.29288644389122,,0.6834716060582329,0.7551421312724843,0.6561887369436377,0.6446460695827708,0.7052299801041099,0.0460402777775936,0.0708409224171361,0.0801489058396528,0.1218043511019967,0.1152236827962564,study=resgcn_1100_population_20260322_205756
